{
  "auth_db": {
    "kay2": {
      "username": "Kay2",
      "password_hash": "dDEEjoTfaLvZ/gXAfwKvhrXw7swEVyAKfibgDEU4LmW8+Hw3z1GQuBlSxUWkbVVtLtTRjG0A6E0i",
      "email": "",
      "created_at": "2025-07-10T12:41:31.237993",
      "last_login": "2025-07-29T15:09:40.429435",
      "login_count": 2,
      "security_level": "CLASSIFIED",
      "two_factor_enabled": false,
      "account_locked": false,
      "failed_login_attempts": 5
    },
    "spiderwomen": {
      "username": "spiderwomen",
      "password_hash": "WAbyXnqM7tUeTVXDNDkLwfOPisamqz+NyA6k1tSmuRFzCLTSyb4yZwW0Nmz1IiGSfTA3KQ==",
      "email": "",
      "created_at": "2025-07-29T13:49:19.546797",
      "last_login": "2025-07-30T05:32:44.293075",
      "login_count": 10,
      "security_level": "CLASSIFIED",
      "two_factor_enabled": false,
      "account_locked": false,
      "failed_login_attempts": 0
    },
    "yaya": {
      "username": "yaya",
      "password_hash": "bUDiNV9A9vyagLEvBcksKdlEiajAQC/wQDoUUICzADC0hLrx4dNiUCRHfdEu+xF5fME4UQ==",
      "email": "",
      "created_at": "2025-07-29T15:34:19.824840",
      "last_login": "2025-07-29T15:34:39.168600",
      "login_count": 1,
      "security_level": "CLASSIFIED",
      "two_factor_enabled": false,
      "account_locked": false,
      "failed_login_attempts": 0
    },
    "agent1": {
      "username": "agent1",
      "password_hash": "Rgbuu3jxsAUk5ZslZ90KA/qiSvZVXcD1osWpLPYn1imvbIaiWxExqmWaqf3EKbt2XrJi9Q==",
      "email": "",
      "created_at": "2025-07-30T01:55:44.567411",
      "last_login": "2025-07-30T01:55:59.527423",
      "login_count": 1,
      "security_level": "CLASSIFIED",
      "two_factor_enabled": false,
      "account_locked": false,
      "failed_login_attempts": 0
    },
    "yaya99": {
      "username": "yaya99",
      "password_hash": "dljNgoS84MTmHtmbs34ZUVgyr2WhP1EcAss0p3GM+uCJNtMX9qxOUUrY9b/deXDro8/27Q==",
      "email": "",
      "created_at": "2025-07-30T02:09:48.828174",
      "last_login": "2025-07-30T03:01:29.313320",
      "login_count": 2,
      "security_level": "CLASSIFIED",
      "two_factor_enabled": false,
      "account_locked": false,
      "failed_login_attempts": 0
    },
    "agent5": {
      "username": "agent5",
      "password_hash": "AjJT/4HNzJ53WYnUstcfvToHIV0qDAOdCO/12jwgr1WLcxLazOcCEGsJEJMPwFoQDfvLTw==",
      "email": "",
      "created_at": "2025-07-30T04:35:14.140230",
      "last_login": "2025-07-30T04:35:40.536423",
      "login_count": 1,
      "security_level": "CLASSIFIED",
      "two_factor_enabled": false,
      "account_locked": false,
      "failed_login_attempts": 0
    },
    "pikey6": {
      "username": "Pikey6",
      "password_hash": "lhJZMG0vX8Gi4jxlfygrgUU0bykEm++b9/Z9sRsLPJ30udFz1w4RVYCmUIlEr1azoi7Rzg==",
      "email": "",
      "created_at": "2025-07-30T05:20:24.396713",
      "last_login": null,
      "login_count": 0,
      "security_level": "CLASSIFIED",
      "two_factor_enabled": false,
      "account_locked": false,
      "failed_login_attempts": 0
    },
    "yaya5": {
      "username": "yaya5",
      "password_hash": "Vv2ZrXxDX8Sq8ctKcd+AaiLQ3uzwrSwQkh88zrrZBWg8wdhHXvfsiRiGYox3E/zLZ1dp5w==",
      "email": "",
      "created_at": "2025-07-30T05:22:55.715508",
      "last_login": "2025-07-30T05:23:15.586324",
      "login_count": 1,
      "security_level": "CLASSIFIED",
      "two_factor_enabled": false,
      "account_locked": false,
      "failed_login_attempts": 0
    },
    "yaya999": {
      "username": "yaya999",
      "password_hash": "apO5nLayKdp/pcZtgs4A340D+ch6TUmfEOBUIS2/ojidGq/S+y46Ph3pYI6HbnOXdPeeJw==",
      "email": "",
      "created_at": "2025-07-30T05:27:32.605283",
      "last_login": "2025-07-30T05:28:37.302136",
      "login_count": 1,
      "security_level": "CLASSIFIED",
      "two_factor_enabled": false,
      "account_locked": false,
      "failed_login_attempts": 0
    }
  },
  "active_sessions": {
    "LL7jVkOdevgocc3U0V65BUxCx1T26mVX1aIYFYFQ7B8": {
      "username": "Kay2",
      "created": "2025-07-10T12:43:22.640044",
      "expires": "2025-07-10T20:43:22.640046",
      "ip_address": null,
      "user_agent": null
    },
    "O3KXBG-yktOMdqTcT9_3pkMwY_FApOSK9myQ5y4ODGg": {
      "username": "spiderwomen",
      "created": "2025-07-29T13:49:39.300623",
      "expires": "2025-07-29T21:49:39.300625",
      "ip_address": null,
      "user_agent": null
    },
    "VuYs9oNzSTVBzstaMpqxnA7xrHCAMZZ9s8BxK1kpS9M": {
      "username": "spiderwomen",
      "created": "2025-07-29T14:28:37.377224",
      "expires": "2025-07-29T22:28:37.377226",
      "ip_address": null,
      "user_agent": null
    },
    "ecNTjPDrDCmfU8wpeae_qhzl24TiKZw2-VPKG80k2zY": {
      "username": "Kay2",
      "created": "2025-07-29T15:09:40.429596",
      "expires": "2025-07-29T23:09:40.429598",
      "ip_address": null,
      "user_agent": null
    },
    "asbRYvgdra8YAGCTRAuVF_TBbGETEZlpcMUPlDhc3Wk": {
      "username": "spiderwomen",
      "created": "2025-07-29T15:16:14.221029",
      "expires": "2025-07-29T23:16:14.221043",
      "ip_address": null,
      "user_agent": null
    },
    "lmHt6HjLaZrpBrGnKPGOpMX48nfR3nadn-TX7xqSRW0": {
      "username": "spiderwomen",
      "created": "2025-07-29T15:31:34.845418",
      "expires": "2025-07-29T23:31:34.845454",
      "ip_address": null,
      "user_agent": null
    },
    "B01Id9a8fZ5mfhWpyPA_zvQJ7uWQxhjOh4X5kk6MtHc": {
      "username": "yaya",
      "created": "2025-07-29T15:34:39.168641",
      "expires": "2025-07-29T23:34:39.168643",
      "ip_address": null,
      "user_agent": null
    },
    "3lQX5LnxdPLeNiMHpLx_BBkhR8coTi8vKeq4E061xlg": {
      "username": "spiderwomen",
      "created": "2025-07-29T17:23:43.367869",
      "expires": "2025-07-30T01:23:43.367909",
      "ip_address": null,
      "user_agent": null
    },
    "KkPtMdS9D6rKQOPoxs8vnJcjpPsUMeEdcUyPISkvqmk": {
      "username": "spiderwomen",
      "created": "2025-07-30T01:54:36.871995",
      "expires": "2025-07-30T09:54:36.871997",
      "ip_address": null,
      "user_agent": null
    },
    "2P5f3rQ_dNKUx30GszyOnYdOYjq9TZXWkgoQslglfZ0": {
      "username": "spiderwomen",
      "created": "2025-07-30T02:04:22.082285",
      "expires": "2025-07-30T10:04:22.082287",
      "ip_address": null,
      "user_agent": null
    },
    "pQygUpQhpRtY6mlyE-f67l6cUAHD6bPQdqbq-emjykA": {
      "username": "yaya99",
      "created": "2025-07-30T02:10:03.996360",
      "expires": "2025-07-30T10:10:03.996361",
      "ip_address": null,
      "user_agent": null
    },
    "pvjEFPqari0deRQQLfDXzhKs3_-v7lrgQCZa-ZHUYlY": {
      "username": "spiderwomen",
      "created": "2025-07-30T02:57:36.614960",
      "expires": "2025-07-30T10:57:36.614965",
      "ip_address": null,
      "user_agent": null
    },
    "1pfhYdfiAFVwRGPeeK1kRUJroRMIqFfY15Z9-g-Xxos": {
      "username": "spiderwomen",
      "created": "2025-07-30T03:00:06.402515",
      "expires": "2025-07-30T11:00:06.402520",
      "ip_address": null,
      "user_agent": null
    },
    "mgjSMT0s49eaReQL1Q8yqFPrPYX4IJ-SjwtP-KckLcc": {
      "username": "yaya99",
      "created": "2025-07-30T03:01:29.313370",
      "expires": "2025-07-30T11:01:29.313374",
      "ip_address": null,
      "user_agent": null
    },
    "GQWvYNti4FQXYOGnTm1HganYGN-Ui2a9TnyUAjglcNI": {
      "username": "agent5",
      "created": "2025-07-30T04:35:40.536503",
      "expires": "2025-07-30T12:35:40.536505",
      "ip_address": null,
      "user_agent": null
    },
    "xdIyZfctDqeMhxgI3PB2o_bUnCEfDf0aD_KC-wBj7M8": {
      "username": "yaya5",
      "created": "2025-07-30T05:23:15.586392",
      "expires": "2025-07-30T13:23:15.586394",
      "ip_address": null,
      "user_agent": null
    },
    "yIkfh1gZJtI5zEWh1LkdGx8GryJhrV74uJ92JMQMK7s": {
      "username": "yaya999",
      "created": "2025-07-30T05:28:37.302263",
      "expires": "2025-07-30T13:28:37.302266",
      "ip_address": null,
      "user_agent": null
    },
    "C0_piL7QsZORNpo9z2H7M7vMkwqzeBoSnCNCRf_rTPU": {
      "username": "spiderwomen",
      "created": "2025-07-30T05:32:44.293230",
      "expires": "2025-07-30T13:32:44.293232",
      "ip_address": null,
      "user_agent": null
    }
  },
  "registration_codes": {
    "1531f0d144016759fb6d1468b05b4c30aed94284fc89a032df1f7df00f7e20d7": {
      "code": "ALPHA-7X9K-DELTA-3M8P",
      "created": "2025-07-30T05:11:50.503753",
      "uses": 0,
      "max_uses": 50
    },
    "2806394cd61195d7af1a022e43dc3d71fff800bd91e8b69f10590869e49df071": {
      "code": "BRAVO-2N5Q-ECHO-7R4T",
      "created": "2025-07-30T05:11:50.503769",
      "uses": 0,
      "max_uses": 50
    },
    "831f8e12f5b0d8b6f043dab2eb963a57a07a7e509d8568204e2e3179c3c33bfd": {
      "code": "CHARLIE-9W6E-FOXTROT-1Y8U",
      "created": "2025-07-30T05:11:50.503773",
      "uses": 1,
      "max_uses": 50
    },
    "68ba0f30e7b2f63b9575e4fee67f11e16a88439a71d221c9af81fa5144ede36d": {
      "code": "DELTA-4H3J-GOLF-6K9L",
      "created": "2025-07-30T05:11:50.503776",
      "uses": 2,
      "max_uses": 50
    },
    "3eca4c8ea1c34fbdbe81fc55200e8c48dc82c7f91a4794aa3676467aaa1507c4": {
      "code": "ECHO-8V2B-HOTEL-5N7M",
      "created": "2025-07-30T05:11:50.503779",
      "uses": 0,
      "max_uses": 50
    },
    "c840b4c6607725178c7b664044d92236990a46cbda17aecf7e984c41fc60d61a": {
      "code": "TEMPORAL-B38E-B4E0-1F34",
      "created": "2025-07-10T12:37:26.183210",
      "uses": 0,
      "max_uses": 10
    },
    "9d3477bc605318f6a0904d53e390878ee78d52e4dc816ef891fcda7c5710418a": {
      "code": "TEMPORAL-B0BE-547D-FF18",
      "created": "2025-07-29T17:20:56.864555",
      "uses": 1,
      "max_uses": 10
    },
    "f3f83dcd12ffc66cbb801937fbb1e27c5cb25d879ef534f22680f313d71e2d51": {
      "code": "TEMPORAL-9F50-B4F5-BA0B",
      "created": "2025-07-30T05:11:50.503782",
      "uses": 0,
      "max_uses": 10
    }
  },
  "failed_attempts": {}
}